rank,vehicle_category,vehicle_id,vehicle_type,load_per_wheel,max_load_single_kg,load_margin,load_margin_kg,load_utilization,driven_wheels,total_wheels,driven_ratio,initial_tread_mm,tyre_life_km,wear_rate_per_1000km,stress_score,risk_level,recommended_action,maintenance_priority,priority_rank
1,Semi-Trailer - RJ21LM7621,RJ21LM7621,Semi-Trailer,2750.0,3550,800.0,800.0,0.7746478873239436,4,6,0.6666666666666666,18.5,165000.0,0.11212121212121212,0.7530516431924883,High,Immediate inspection required,0.000940139379765903,2.0
2,Box Van - MH47MD4509,MH47MD4509,Box Van,1075.0,1450,375.0,375.0,0.7413793103448276,2,4,0.5,9.0,65000.0,0.13846153846153847,0.6931034482758621,Moderate,Schedule maintenance check,0.001843360234776229,1.0
3,TRUCK - MH14JK7645,MH14JK7645,TRUCK,2175.0,3525,1350.0,1350.0,0.6170212765957447,2,4,0.5,21.5,120000.0,0.17916666666666667,0.5936170212765958,Moderate,Schedule maintenance check,0.0004393908373623951,3.0
4,Pickup - MH12XD7689,MH12XD7689,Pickup,233.33333333333331,1120,886.6666666666667,886.6666666666667,0.20833333333333331,2,6,0.3333333333333333,12.2,55000.0,0.2218181818181818,0.23333333333333334,Low,Normal monitoring,0.00026286143447239955,4.0
